train_acc,train_loss,val_acc,val_loss
0.7870258090946334,0.5115782,0.8006695420004107,0.49044478
