train_acc,train_loss,val_acc,val_loss
0.9347091356001639,0.176082,0.9688457588827274,0.0826543
